{
  "coefficients": [
    0.1811115360748873,
    0.026968439269346195,
    0.13293573363416797,
    -0.17067145372521966,
    0.25315700809617425,
    -0.5160718894689602,
    0.15445567800370652,
    0.6457585802800946,
    -0.00028452898966881005,
    0.05107074722620899,
    -0.584700663825511,
    -0.5515061604026594,
    0.1407367590864112,
    -0.2052818702506015,
    0.26695187107516255,
    -0.5221166972519292,
    0.17380931087396767,
    -0.6853359583177305,
    0.22270486008448562,
    0.7045421440733197,
    0.06217381719408049,
    -0.24683902939327212,
    -0.13498752359455052,
    -0.7573750911101037,
    -0.017561319494654774,
    0.21246907501641907,
    -0.29666287700340643,
    0.24268877673249223,
    -0.5481381255665753,
    0.5797452560653366
  ],
  "intercept": -5.4290128950479355,
  "mean": [
    18.33895362180609,
    2.783467384092461,
    1.0,
    0.3037555544291334,
    0.9,
    0.2725901631778806,
    96.0334169983289,
    0.9814080965182842,
    92.33770646536499,
    10.297752845686288,
    0.2,
    0.6,
    18.127216192452227,
    2.7733236617236208,
    1.0,
    0.29782107205499375,
    0.9333333333333333,
    0.26993075366609115,
    96.03639133400085,
    0.9654010477669869,
    92.48911758778951,
    10.252880590939334,
    0.2,
    0.6,
    96.03178582878498,
    0.0016311695439299,
    92.38059123845457,
    -0.04288477308959197,
    18.201661904296255,
    0.1372917175098444
  ],
  "std": [
    2.1164652683130027,
    0.20049138268817826,
    1.0645812948447542,
    0.10516477225004424,
    0.8698658900466592,
    0.047508960252750504,
    0.45968133656057913,
    0.14747980356478899,
    4.016144465464146,
    1.3161653715330195,
    0.4,
    0.8,
    2.166579638789891,
    0.19736544081342317,
    1.0645812948447542,
    0.10530989472651714,
    0.85374989832438,
    0.05033485329418432,
    0.45938518602198564,
    0.14944731853460666,
    3.8068635615474946,
    1.29486852030244,
    0.4000000000000001,
    0.8,
    0.2984729612329333,
    0.3588379698596168,
    2.455629478348254,
    2.9970541125425774,
    1.1458926998050059,
    1.7446003081237298
  ],
  "feature_names": [
    "resp_rate",
    "peak_to_peak_resistance",
    "num_coughs",
    "cough_intensity",
    "wheeze_count",
    "wheeze_amplitude",
    "SpO2_min",
    "SpO2_drop",
    "HR_max",
    "HR_variability",
    "SABA_today",
    "SABA_last_3_days",
    "resp_rate_lag1",
    "peak_to_peak_resistance_lag1",
    "num_coughs_lag1",
    "cough_intensity_lag1",
    "wheeze_count_lag1",
    "wheeze_amplitude_lag1",
    "SpO2_min_lag1",
    "SpO2_drop_lag1",
    "HR_max_lag1",
    "HR_variability_lag1",
    "SABA_today_lag1",
    "SABA_last_3_days_lag1",
    "SpO2_min_mean3",
    "SpO2_min_diff3",
    "HR_max_mean3",
    "HR_max_diff3",
    "resp_rate_mean3",
    "resp_rate_diff3"
  ],
  "threshold": 0.11000000000000001
}