{
  "coefficients": [
    -0.3514255503803526,
    -0.3444453731500361,
    -0.38078878295914853,
    -0.606662340386574,
    0.03549724076114169,
    -0.06807773895331565,
    0.32934215693541524,
    -0.41301047693506987,
    0.3475634882829017,
    -0.3176740055166501,
    0.8835473974969087,
    0.04122816379132525,
    0.7974885335405142,
    0.41603901336982635,
    -0.08264719687018644,
    -0.5670809323002585,
    -0.4539491249016802,
    -0.35436221616580144,
    -0.5123697138279341,
    0.8071317682749398,
    -0.3119136961214875,
    0.1608626813757063,
    -0.19222984840839058,
    -0.31329105727178147,
    0.577232441824995,
    -0.22327850519803233,
    -0.32609045515881896,
    -0.2480317824728663,
    -0.931119859090775,
    0.36369871950070143,
    0.14085713313859355,
    -0.43951935465791725
  ],
  "intercept": -6.132582540319914,
  "mean": [
    0.9144520042630874,
    17.77449165147302,
    2.7977776167451305,
    1.0,
    0.33122340939058365,
    1.2666666666666666,
    0.2524401706398918,
    96.19182814397053,
    1.025405215304592,
    93.22901700956798,
    9.734408844020363,
    0.3,
    0.8,
    0.913913087148839,
    17.691561058329572,
    2.8005434692279416,
    0.9333333333333333,
    0.3267395922828703,
    1.2,
    0.2542113937551449,
    96.1772728655603,
    1.0034527763545609,
    92.9530078749886,
    9.76318433298066,
    0.3,
    0.7333333333333333,
    96.18612714800474,
    0.0057009959657861485,
    93.04055037047274,
    0.18846663909523517,
    17.740517513097288,
    0.03397413837573401
  ],
  "std": [
    0.04347143382770553,
    1.5765045186524003,
    0.22102256448070393,
    1.1547005383792515,
    0.08803000729069811,
    0.9977753031397176,
    0.04352322828418587,
    0.3754997805670171,
    0.1831304021959283,
    4.130697491699969,
    1.6102692571987192,
    0.45825756949558394,
    0.7916228058025279,
    0.04383421056716042,
    1.76107989325594,
    0.22288461673636195,
    1.1527744310527055,
    0.09118283340284793,
    1.0132456102380443,
    0.042942208488712,
    0.38762628152007544,
    0.19621650533125604,
    4.137257266457654,
    1.628306486663037,
    0.45825756949558394,
    0.771722460186015,
    0.24630303875878332,
    0.3014463416732669,
    2.6356888080453458,
    3.1397607760513546,
    0.778379805800649,
    1.4849403745734269
  ],
  "feature_names": [
    "inhalation_volume",
    "resp_rate",
    "peak_to_peak_voltage",
    "num_coughs",
    "cough_intensity",
    "wheeze_count",
    "wheeze_amplitude",
    "SpO2_min",
    "SpO2_drop",
    "HR_max",
    "HR_variability",
    "SABA_today",
    "SABA_last_3_days",
    "inhalation_volume_lag1",
    "resp_rate_lag1",
    "peak_to_peak_voltage_lag1",
    "num_coughs_lag1",
    "cough_intensity_lag1",
    "wheeze_count_lag1",
    "wheeze_amplitude_lag1",
    "SpO2_min_lag1",
    "SpO2_drop_lag1",
    "HR_max_lag1",
    "HR_variability_lag1",
    "SABA_today_lag1",
    "SABA_last_3_days_lag1",
    "SpO2_min_mean3",
    "SpO2_min_diff3",
    "HR_max_mean3",
    "HR_max_diff3",
    "resp_rate_mean3",
    "resp_rate_diff3"
  ],
  "threshold": 0.09000000000000001
}